symbol,hurst,regime,volatility
MMM,0.457,MEAN_REVERSION,1.76
AOS,0.52,RANDOM_WALK,1.63
ABT,0.508,RANDOM_WALK,1.55
ABBV,0.422,MEAN_REVERSION,1.72
ACN,0.539,TRENDING,2.37
ADBE,0.463,MEAN_REVERSION,2.35
AMD,0.464,MEAN_REVERSION,4.0
AES,0.514,RANDOM_WALK,2.62
AFL,0.384,MEAN_REVERSION,1.25
A,0.475,MEAN_REVERSION,2.03
APD,0.445,MEAN_REVERSION,1.65
ABNB,0.47,MEAN_REVERSION,2.37
AKAM,0.474,MEAN_REVERSION,3.25
ALB,0.463,MEAN_REVERSION,3.68
ARE,0.49,RANDOM_WALK,2.54
ALGN,0.432,MEAN_REVERSION,2.97
ALLE,0.498,RANDOM_WALK,1.66
LNT,0.421,MEAN_REVERSION,1.13
ALL,0.408,MEAN_REVERSION,1.65
GOOGL,0.485,RANDOM_WALK,2.02
MO,0.431,MEAN_REVERSION,1.47
AMZN,0.454,MEAN_REVERSION,2.14
AMCR,0.543,TRENDING,18.02
AEE,0.384,MEAN_REVERSION,1.11
AEP,0.457,MEAN_REVERSION,1.21
AXP,0.474,MEAN_REVERSION,1.85
AIG,0.458,MEAN_REVERSION,1.49
AMT,0.41,MEAN_REVERSION,1.68
AWK,0.374,MEAN_REVERSION,1.46
AMP,0.423,MEAN_REVERSION,1.76
AME,0.483,RANDOM_WALK,1.48
AMGN,0.473,MEAN_REVERSION,1.78
APH,0.481,RANDOM_WALK,3.37
ADI,0.47,MEAN_REVERSION,2.37
AON,0.422,MEAN_REVERSION,1.57
APA,0.463,MEAN_REVERSION,3.13
APO,0.459,MEAN_REVERSION,2.51
AAPL,0.433,MEAN_REVERSION,1.8
AMAT,0.448,MEAN_REVERSION,3.35
APP,0.496,RANDOM_WALK,5.29
APTV,0.509,RANDOM_WALK,2.61
ACGL,0.374,MEAN_REVERSION,1.53
ADM,0.428,MEAN_REVERSION,1.76
ARES,0.512,RANDOM_WALK,2.66
ANET,0.454,MEAN_REVERSION,4.82
AJG,0.455,MEAN_REVERSION,1.75
AIZ,0.431,MEAN_REVERSION,1.6
T,0.504,RANDOM_WALK,1.53
ATO,0.471,MEAN_REVERSION,1.04
ADSK,0.468,MEAN_REVERSION,2.15
ADP,0.496,RANDOM_WALK,1.5
AZO,0.442,MEAN_REVERSION,1.63
AVY,0.453,MEAN_REVERSION,1.52
AXON,0.503,RANDOM_WALK,3.82
BKR,0.458,MEAN_REVERSION,2.18
BALL,0.511,RANDOM_WALK,1.67
BAC,0.504,RANDOM_WALK,1.59
BAX,0.46,MEAN_REVERSION,2.64
BDX,0.451,MEAN_REVERSION,1.92
BRK.B,0.356,MEAN_REVERSION,1.08
BBY,0.437,MEAN_REVERSION,2.54
TECH,0.484,RANDOM_WALK,2.78
BIIB,0.401,MEAN_REVERSION,2.07
BLK,0.431,MEAN_REVERSION,1.72
BX,0.52,TRENDING,2.37
XYZ,0.468,MEAN_REVERSION,3.22
BE,0.438,MEAN_REVERSION,6.81
BNY,0.43,MEAN_REVERSION,1.43
BA,0.491,RANDOM_WALK,2.23
BKNG,0.514,RANDOM_WALK,4.76
BSX,0.46,MEAN_REVERSION,2.01
BMY,0.457,MEAN_REVERSION,1.79
AVGO,0.402,MEAN_REVERSION,3.28
BR,0.496,RANDOM_WALK,1.62
BRO,0.481,RANDOM_WALK,1.75
BF.B,0.56,TRENDING,2.44
BG,0.466,MEAN_REVERSION,1.96
BXP,0.432,MEAN_REVERSION,1.88
CHRW,0.469,MEAN_REVERSION,2.44
CDNS,0.43,MEAN_REVERSION,2.58
CPT,0.421,MEAN_REVERSION,1.33
COF,0.482,RANDOM_WALK,2.28
CAH,0.529,TRENDING,1.7
CCL,0.538,TRENDING,2.98
CARR,0.46,MEAN_REVERSION,2.2
CVNA,0.528,TRENDING,5.53
CASY,0.489,RANDOM_WALK,2.09
CAT,0.483,RANDOM_WALK,2.21
CBOE,0.542,TRENDING,1.79
CBRE,0.432,MEAN_REVERSION,2.01
CDW,0.469,MEAN_REVERSION,2.52
COR,0.474,MEAN_REVERSION,1.7
CNC,0.542,TRENDING,3.3
CNP,0.442,MEAN_REVERSION,1.11
CF,0.464,MEAN_REVERSION,2.42
CRL,0.523,TRENDING,3.2
SCHW,0.458,MEAN_REVERSION,1.65
CHTR,0.535,TRENDING,2.98
CVX,0.504,RANDOM_WALK,1.54
CMG,0.492,RANDOM_WALK,2.42
CB,0.38,MEAN_REVERSION,1.26
CHD,0.457,MEAN_REVERSION,1.38
CIEN,0.422,MEAN_REVERSION,4.17
CI,0.367,MEAN_REVERSION,1.98
CINF,0.406,MEAN_REVERSION,1.48
CTAS,0.505,RANDOM_WALK,1.53
CSCO,0.491,RANDOM_WALK,1.84
C,0.488,RANDOM_WALK,1.95
CFG,0.508,RANDOM_WALK,1.95
CLX,0.501,RANDOM_WALK,1.7
CME,0.46,MEAN_REVERSION,1.36
CMS,0.427,MEAN_REVERSION,1.08
KO,0.437,MEAN_REVERSION,1.14
CTSH,0.581,TRENDING,2.16
COHR,0.331,MEAN_REVERSION,4.95
COIN,0.501,RANDOM_WALK,5.02
CL,0.457,MEAN_REVERSION,1.37
CMCSA,0.43,MEAN_REVERSION,1.91
FIX,0.408,MEAN_REVERSION,3.59
COP,0.429,MEAN_REVERSION,2.04
ED,0.456,MEAN_REVERSION,1.18
STZ,0.487,RANDOM_WALK,1.94
CEG,0.487,RANDOM_WALK,3.48
COO,0.469,MEAN_REVERSION,2.1
CPRT,0.525,TRENDING,1.82
GLW,0.379,MEAN_REVERSION,3.55
CPAY,0.39,MEAN_REVERSION,2.29
CTVA,0.477,MEAN_REVERSION,1.66
CSGP,0.438,MEAN_REVERSION,2.46
COST,0.481,RANDOM_WALK,1.31
CRH,0.505,RANDOM_WALK,2.04
CRWD,0.457,MEAN_REVERSION,4.66
CCI,0.424,MEAN_REVERSION,1.77
CSX,0.513,RANDOM_WALK,1.53
CMI,0.497,RANDOM_WALK,2.12
CVS,0.504,RANDOM_WALK,2.18
DHR,0.42,MEAN_REVERSION,1.97
DRI,0.373,MEAN_REVERSION,1.8
DDOG,0.47,MEAN_REVERSION,3.69
DVA,0.541,TRENDING,2.52
DECK,0.543,TRENDING,3.09
DE,0.416,MEAN_REVERSION,1.93
DELL,0.411,MEAN_REVERSION,4.06
DAL,0.517,RANDOM_WALK,2.84
DVN,0.421,MEAN_REVERSION,2.4
DXCM,0.475,MEAN_REVERSION,2.62
FANG,0.38,MEAN_REVERSION,2.29
DLR,0.449,MEAN_REVERSION,1.75
DG,0.518,RANDOM_WALK,2.29
DLTR,0.511,RANDOM_WALK,2.66
D,0.345,MEAN_REVERSION,1.38
DPZ,0.424,MEAN_REVERSION,1.85
DASH,0.52,TRENDING,2.72
DOV,0.511,RANDOM_WALK,1.67
DOW,0.496,RANDOM_WALK,2.81
DHI,0.476,MEAN_REVERSION,2.31
DTE,0.448,MEAN_REVERSION,1.11
DUK,0.397,MEAN_REVERSION,1.07
DD,0.492,RANDOM_WALK,9.33
ETN,0.397,MEAN_REVERSION,2.39
EBAY,0.422,MEAN_REVERSION,2.21
ECHO,0.555,TRENDING,5.46
ECL,0.505,RANDOM_WALK,1.31
EIX,0.518,RANDOM_WALK,2.25
EW,0.413,MEAN_REVERSION,1.58
ELV,0.492,RANDOM_WALK,2.29
EME,0.456,MEAN_REVERSION,2.7
EMR,0.497,RANDOM_WALK,1.98
ETR,0.513,RANDOM_WALK,2.7
EOG,0.421,MEAN_REVERSION,1.84
EQT,0.426,MEAN_REVERSION,2.2
EFX,0.409,MEAN_REVERSION,2.36
EQIX,0.481,RANDOM_WALK,1.65
ERIE,0.42,MEAN_REVERSION,2.2
ESS,0.367,MEAN_REVERSION,1.44
EL,0.501,RANDOM_WALK,3.17
EG,0.381,MEAN_REVERSION,1.57
EVRG,0.412,MEAN_REVERSION,1.04
P,0.468,MEAN_REVERSION,4.15
ES,0.428,MEAN_REVERSION,1.56
EXC,0.462,MEAN_REVERSION,1.22
EXE,0.446,MEAN_REVERSION,1.92
EXPE,0.478,MEAN_REVERSION,2.95
EXPD,0.392,MEAN_REVERSION,1.81
EXR,0.46,MEAN_REVERSION,1.56
XOM,0.464,MEAN_REVERSION,1.57
FFIV,0.509,RANDOM_WALK,2.09
FDS,0.528,TRENDING,2.37
FICO,0.416,MEAN_REVERSION,3.15
FAST,0.462,MEAN_REVERSION,2.76
FRT,0.42,MEAN_REVERSION,1.3
FDX,0.442,MEAN_REVERSION,2.08
FERG,0.522,TRENDING,2.04
FIS,0.453,MEAN_REVERSION,1.95
FITB,0.541,TRENDING,1.72
FSLR,0.416,MEAN_REVERSION,3.69
FE,0.459,MEAN_REVERSION,1.16
FISV,0.46,MEAN_REVERSION,3.12
FLEX,0.477,MEAN_REVERSION,3.63
F,0.435,MEAN_REVERSION,2.24
FTNT,0.489,RANDOM_WALK,2.69
FTV,0.459,MEAN_REVERSION,2.06
FOXA,0.523,TRENDING,2.02
BEN,0.519,RANDOM_WALK,1.88
FCX,0.413,MEAN_REVERSION,3.01
GRMN,0.517,RANDOM_WALK,2.38
IT,0.559,TRENDING,3.06
GE,0.509,RANDOM_WALK,2.05
GEHC,0.475,MEAN_REVERSION,2.21
GEV,0.419,MEAN_REVERSION,3.4
GEN,0.44,MEAN_REVERSION,2.14
GNRC,0.53,TRENDING,3.22
GD,0.37,MEAN_REVERSION,1.42
GIS,0.419,MEAN_REVERSION,1.61
GM,0.438,MEAN_REVERSION,2.26
GPC,0.47,MEAN_REVERSION,2.09
GILD,0.479,MEAN_REVERSION,1.72
GPN,0.448,MEAN_REVERSION,2.53
GL,0.441,MEAN_REVERSION,1.5
GDDY,0.495,RANDOM_WALK,2.62
GS,0.435,MEAN_REVERSION,2.06
HAL,0.45,MEAN_REVERSION,2.43
HIG,0.461,MEAN_REVERSION,1.33
HAS,0.522,TRENDING,2.1
HCA,0.507,RANDOM_WALK,1.89
DOC,0.428,MEAN_REVERSION,1.67
HSIC,0.457,MEAN_REVERSION,1.7
HSY,0.471,MEAN_REVERSION,1.8
HPE,0.448,MEAN_REVERSION,3.24
HLT,0.511,RANDOM_WALK,1.54
HD,0.522,TRENDING,1.53
HON,0.468,MEAN_REVERSION,1.64
HRL,0.45,MEAN_REVERSION,1.71
HST,0.476,MEAN_REVERSION,1.73
HWM,0.492,RANDOM_WALK,2.21
HPQ,0.488,RANDOM_WALK,2.62
HUBB,0.439,MEAN_REVERSION,2.02
HUM,0.512,RANDOM_WALK,2.98
HBAN,0.487,RANDOM_WALK,1.87
HII,0.507,RANDOM_WALK,2.63
IBM,0.441,MEAN_REVERSION,2.55
IEX,0.496,RANDOM_WALK,1.67
IDXX,0.422,MEAN_REVERSION,2.38
ITW,0.511,RANDOM_WALK,1.36
ILMN,0.434,MEAN_REVERSION,2.92
INCY,0.427,MEAN_REVERSION,2.19
IR,0.491,RANDOM_WALK,2.04
PODD,0.521,TRENDING,2.61
INTC,0.535,TRENDING,4.43
IBKR,0.511,RANDOM_WALK,4.29
ICE,0.517,RANDOM_WALK,1.41
IFF,0.435,MEAN_REVERSION,2.05
IP,0.467,MEAN_REVERSION,2.59
INTU,0.537,TRENDING,2.63
ISRG,0.481,RANDOM_WALK,2.23
IVZ,0.461,MEAN_REVERSION,2.34
INVH,0.394,MEAN_REVERSION,1.33
IQV,0.488,RANDOM_WALK,2.52
IRM,0.489,RANDOM_WALK,2.09
JBHT,0.439,MEAN_REVERSION,2.38
JBL,0.454,MEAN_REVERSION,2.64
JKHY,0.489,RANDOM_WALK,1.62
J,0.373,MEAN_REVERSION,1.95
JNJ,0.471,MEAN_REVERSION,1.21
JCI,0.45,MEAN_REVERSION,1.93
JPM,0.458,MEAN_REVERSION,1.57
KVUE,0.497,RANDOM_WALK,1.82
KDP,0.478,MEAN_REVERSION,1.65
KEY,0.511,RANDOM_WALK,1.87
KEYS,0.399,MEAN_REVERSION,2.45
KMB,0.458,MEAN_REVERSION,1.49
KIM,0.446,MEAN_REVERSION,1.31
KMI,0.413,MEAN_REVERSION,1.5
KKR,0.508,RANDOM_WALK,2.65
KLAC,0.436,MEAN_REVERSION,5.21
KHC,0.368,MEAN_REVERSION,1.62
KR,0.339,MEAN_REVERSION,1.7
LHX,0.515,RANDOM_WALK,1.59
LH,0.461,MEAN_REVERSION,1.5
LRCX,0.139,MEAN_REVERSION,5.42
LVS,0.531,TRENDING,2.27
LDOS,0.488,RANDOM_WALK,2.07
LEN,0.471,MEAN_REVERSION,2.29
LII,0.415,MEAN_REVERSION,2.36
LLY,0.44,MEAN_REVERSION,2.39
LIN,0.438,MEAN_REVERSION,1.19
LYV,0.485,RANDOM_WALK,1.91
LMT,0.547,TRENDING,1.74
L,0.385,MEAN_REVERSION,1.18
LOW,0.53,TRENDING,1.63
LULU,0.527,TRENDING,3.05
LITE,0.309,MEAN_REVERSION,5.27
LYB,0.53,TRENDING,2.6
MTB,0.566,TRENDING,1.64
MPC,0.521,TRENDING,2.21
MAR,0.487,RANDOM_WALK,1.75
MRSH,0.405,MEAN_REVERSION,1.44
MLM,0.484,RANDOM_WALK,1.67
MRVL,0.508,RANDOM_WALK,4.76
MAS,0.485,RANDOM_WALK,2.09
MA,0.411,MEAN_REVERSION,1.4
MKC,0.48,MEAN_REVERSION,1.69
MCD,0.408,MEAN_REVERSION,1.19
MCK,0.45,MEAN_REVERSION,1.78
MDT,0.509,RANDOM_WALK,1.42
MRK,0.469,MEAN_REVERSION,1.83
META,0.501,RANDOM_WALK,2.47
MET,0.428,MEAN_REVERSION,1.67
MTD,0.44,MEAN_REVERSION,2.11
MGM,0.444,MEAN_REVERSION,2.59
MCHP,0.529,TRENDING,3.41
MU,0.415,MEAN_REVERSION,4.5
MSFT,0.503,RANDOM_WALK,1.83
MAA,0.412,MEAN_REVERSION,1.28
MRNA,0.454,MEAN_REVERSION,9.12
MDLZ,0.442,MEAN_REVERSION,1.43
MPWR,0.508,RANDOM_WALK,3.67
MNST,0.524,TRENDING,2.75
MCO,0.445,MEAN_REVERSION,1.73
MS,0.455,MEAN_REVERSION,1.95
MOS,0.449,MEAN_REVERSION,2.62
MSI,0.507,RANDOM_WALK,1.55
MSCI,0.304,MEAN_REVERSION,1.8
NDAQ,0.497,RANDOM_WALK,1.62
NTAP,0.526,TRENDING,2.57
NFLX,0.496,RANDOM_WALK,4.6
NEM,0.464,MEAN_REVERSION,2.81
NWSA,0.451,MEAN_REVERSION,1.55
NEE,0.458,MEAN_REVERSION,1.59
NKE,0.453,MEAN_REVERSION,2.38
NI,0.406,MEAN_REVERSION,1.2
NDSN,0.497,RANDOM_WALK,1.63
NSC,0.505,RANDOM_WALK,1.5
NTRS,0.508,RANDOM_WALK,1.73
NOC,0.526,TRENDING,1.72
NCLH,0.504,RANDOM_WALK,3.33
NRG,0.442,MEAN_REVERSION,3.28
NUE,0.54,TRENDING,2.32
NVDA,0.344,MEAN_REVERSION,2.77
NVR,0.451,MEAN_REVERSION,1.71
NXPI,0.489,RANDOM_WALK,2.99
ORLY,0.499,RANDOM_WALK,4.43
OXY,0.447,MEAN_REVERSION,2.24
ODFL,0.492,RANDOM_WALK,2.46
OMC,0.415,MEAN_REVERSION,2.11
ON,0.508,RANDOM_WALK,3.79
OKE,0.429,MEAN_REVERSION,1.87
ORCL,0.487,RANDOM_WALK,3.61
OTIS,0.432,MEAN_REVERSION,1.45
PCAR,0.479,MEAN_REVERSION,1.78
PKG,0.464,MEAN_REVERSION,1.73
PLTR,0.466,MEAN_REVERSION,4.19
PANW,0.502,RANDOM_WALK,3.43
PSKY,0.439,MEAN_REVERSION,4.12
PH,0.503,RANDOM_WALK,1.85
PAYX,0.427,MEAN_REVERSION,1.72
PYPL,0.476,MEAN_REVERSION,2.55
PNR,0.486,RANDOM_WALK,1.91
PEP,0.48,MEAN_REVERSION,1.37
PFE,0.424,MEAN_REVERSION,1.53
PCG,0.513,RANDOM_WALK,2.06
PM,0.455,MEAN_REVERSION,1.76
PSX,0.522,TRENDING,2.12
PNW,0.456,MEAN_REVERSION,1.08
PNC,0.569,TRENDING,1.53
PPG,0.493,RANDOM_WALK,1.86
PPL,0.409,MEAN_REVERSION,1.14
PFG,0.416,MEAN_REVERSION,1.63
PG,0.416,MEAN_REVERSION,1.2
PGR,0.423,MEAN_REVERSION,1.64
PLD,0.458,MEAN_REVERSION,1.63
PRU,0.405,MEAN_REVERSION,1.6
PEG,0.356,MEAN_REVERSION,1.31
PTC,0.519,RANDOM_WALK,2.18
PSA,0.492,RANDOM_WALK,1.48
PHM,0.472,MEAN_REVERSION,2.17
PWR,0.457,MEAN_REVERSION,2.62
QCOM,0.484,RANDOM_WALK,2.91
DGX,0.398,MEAN_REVERSION,1.49
Q,0.401,MEAN_REVERSION,3.55
RL,0.477,MEAN_REVERSION,2.38
RJF,0.503,RANDOM_WALK,1.72
RDDT,0.554,TRENDING,5.1
RTX,0.46,MEAN_REVERSION,1.65
O,0.481,RANDOM_WALK,1.1
REG,0.379,MEAN_REVERSION,1.12
REGN,0.513,RANDOM_WALK,2.3
RF,0.53,TRENDING,1.75
RSG,0.396,MEAN_REVERSION,1.19
RMD,0.438,MEAN_REVERSION,1.8
RVTY,0.409,MEAN_REVERSION,2.4
HOOD,0.451,MEAN_REVERSION,4.72
ROK,0.445,MEAN_REVERSION,2.05
ROL,0.448,MEAN_REVERSION,1.56
ROP,0.484,RANDOM_WALK,1.59
ROST,0.473,MEAN_REVERSION,1.65
RCL,0.52,RANDOM_WALK,2.87
SPGI,0.505,RANDOM_WALK,1.69
CRM,0.496,RANDOM_WALK,2.58
SNDK,0.414,MEAN_REVERSION,6.57
SBAC,0.44,MEAN_REVERSION,1.92
SLB,0.483,RANDOM_WALK,2.29
STX,0.372,MEAN_REVERSION,3.84
SRE,0.428,MEAN_REVERSION,1.66
NOW,0.519,RANDOM_WALK,4.76
SHW,0.462,MEAN_REVERSION,1.65
SPG,0.47,MEAN_REVERSION,1.44
SWKS,0.526,TRENDING,3.17
SJM,0.416,MEAN_REVERSION,1.83
SW,0.434,MEAN_REVERSION,2.64
SNA,0.431,MEAN_REVERSION,1.47
SOLV,0.421,MEAN_REVERSION,1.91
SO,0.429,MEAN_REVERSION,1.11
LUV,0.558,TRENDING,2.68
SWK,0.526,TRENDING,2.58
SBUX,0.493,RANDOM_WALK,1.91
STT,0.466,MEAN_REVERSION,1.66
STLD,0.53,TRENDING,2.38
STE,0.455,MEAN_REVERSION,1.54
SYK,0.466,MEAN_REVERSION,1.64
SMCI,0.032,MEAN_REVERSION,7.57
SYF,0.513,RANDOM_WALK,2.37
SNPS,0.44,MEAN_REVERSION,3.17
SYY,0.44,MEAN_REVERSION,1.54
TMUS,0.459,MEAN_REVERSION,1.83
TROW,0.476,MEAN_REVERSION,1.7
TTWO,0.483,RANDOM_WALK,2.0
TPR,0.521,TRENDING,2.72
TRGP,0.459,MEAN_REVERSION,2.06
TGT,0.412,MEAN_REVERSION,2.26
TEL,0.431,MEAN_REVERSION,2.03
TDY,0.517,RANDOM_WALK,1.55
TER,0.358,MEAN_REVERSION,4.18
TSLA,0.49,RANDOM_WALK,3.78
TXN,0.528,TRENDING,2.6
TPL,0.494,RANDOM_WALK,4.47
TXT,0.387,MEAN_REVERSION,1.75
TMO,0.515,RANDOM_WALK,1.94
TJX,0.512,RANDOM_WALK,1.23
TKO,0.436,MEAN_REVERSION,2.08
TSCO,0.526,TRENDING,4.05
TT,0.502,RANDOM_WALK,1.8
TDG,0.4,MEAN_REVERSION,1.81
TRV,0.438,MEAN_REVERSION,1.46
TRMB,0.508,RANDOM_WALK,2.08
TFC,0.514,RANDOM_WALK,1.75
TYL,0.416,MEAN_REVERSION,2.2
TSN,0.474,MEAN_REVERSION,1.54
USB,0.517,RANDOM_WALK,1.63
UBER,0.432,MEAN_REVERSION,2.4
UDR,0.383,MEAN_REVERSION,1.37
ULTA,0.494,RANDOM_WALK,2.33
UNP,0.48,RANDOM_WALK,1.46
UAL,0.509,RANDOM_WALK,3.35
UPS,0.452,MEAN_REVERSION,1.97
URI,0.492,RANDOM_WALK,2.54
UNH,0.518,RANDOM_WALK,2.68
UHS,0.484,RANDOM_WALK,2.11
VLO,0.474,MEAN_REVERSION,2.35
VEEV,0.487,RANDOM_WALK,2.48
VTR,0.469,MEAN_REVERSION,1.39
VLTO,0.436,MEAN_REVERSION,1.39
VRSN,0.487,RANDOM_WALK,1.71
VRSK,0.478,MEAN_REVERSION,1.88
VZ,0.494,RANDOM_WALK,1.49
VRTX,0.407,MEAN_REVERSION,2.05
VRT,0.375,MEAN_REVERSION,4.24
VTRS,0.527,TRENDING,2.17
VICI,0.414,MEAN_REVERSION,1.19
V,0.409,MEAN_REVERSION,1.39
VST,0.386,MEAN_REVERSION,3.73
VMRK,0.337,MEAN_REVERSION,1.41
VMC,0.512,RANDOM_WALK,1.7
WRB,0.419,MEAN_REVERSION,1.41
GWW,0.464,MEAN_REVERSION,1.5
WAB,0.474,MEAN_REVERSION,1.71
WMT,0.442,MEAN_REVERSION,1.59
DIS,0.546,TRENDING,1.78
WBD,0.524,TRENDING,3.09
WM,0.426,MEAN_REVERSION,1.22
WAT,0.415,MEAN_REVERSION,2.42
WEC,0.417,MEAN_REVERSION,1.05
WFC,0.479,MEAN_REVERSION,1.85
WELL,0.469,MEAN_REVERSION,1.41
WST,0.442,MEAN_REVERSION,2.98
WDC,0.359,MEAN_REVERSION,4.34
WY,0.452,MEAN_REVERSION,1.72
WSM,0.536,TRENDING,2.69
WMB,0.401,MEAN_REVERSION,1.62
WTW,0.413,MEAN_REVERSION,1.65
WDAY,0.445,MEAN_REVERSION,2.88
WYNN,0.473,MEAN_REVERSION,2.36
XEL,0.441,MEAN_REVERSION,1.26
XYL,0.482,RANDOM_WALK,1.61
YUM,0.393,MEAN_REVERSION,1.5
ZBRA,0.534,TRENDING,2.89
ZBH,0.434,MEAN_REVERSION,1.87
ZTS,0.465,MEAN_REVERSION,2.04
